Identifier;Property;Temperature (K);Value (J/molK);Cp/T3 (mJ/mol.K4);Std;N;Name;Reference;Comment
1;Cp;1.18828;0.00118828;2.14867;;1;Daria Szewczyk;This Work;m= 4.01 mg
2;Cp;1.17341;0.00117341;2.11953;;1;Daria Szewczyk;This Work;m= 4.01 mg
3;Cp;1.15694;0.00115694;2.1252;;1;Daria Szewczyk;This Work;m= 4.01 mg
4;Cp;1.14225;0.00114225;2.15837;;1;Daria Szewczyk;This Work;m= 4.01 mg
5;Cp;1.12763;0.00112763;2.14072;;1;Daria Szewczyk;This Work;m= 4.01 mg
6;Cp;1.11158;0.00111158;2.13581;;1;Daria Szewczyk;This Work;m= 4.01 mg
7;Cp;1.09616;0.00109616;2.14301;;1;Daria Szewczyk;This Work;m= 4.01 mg
8;Cp;1.081;0.001081;2.12569;;1;Daria Szewczyk;This Work;m= 4.01 mg
9;Cp;1.06599;0.00106599;2.12974;;1;Daria Szewczyk;This Work;m= 4.01 mg
10;Cp;1.0508;0.0010508;2.13975;;1;Daria Szewczyk;This Work;m= 4.01 mg
11;Cp;1.03494;0.00103494;2.13203;;1;Daria Szewczyk;This Work;m= 4.01 mg
12;Cp;1.0204;0.0010204;2.14712;;1;Daria Szewczyk;This Work;m= 4.01 mg
13;Cp;1.00492;0.00100492;2.14884;;1;Daria Szewczyk;This Work;m= 4.01 mg
14;Cp;0.98863;0.00098863;2.13451;;1;Daria Szewczyk;This Work;m= 4.01 mg
15;Cp;0.97355;0.00097355;2.14961;;1;Daria Szewczyk;This Work;m= 4.01 mg
16;Cp;0.95858;0.00095858;2.14496;;1;Daria Szewczyk;This Work;m= 4.01 mg
17;Cp;0.94313;0.00094313;2.1463;;1;Daria Szewczyk;This Work;m= 4.01 mg
18;Cp;0.9274;0.0009274;2.14842;;1;Daria Szewczyk;This Work;m= 4.01 mg
19;Cp;0.91238;0.00091238;2.15283;;1;Daria Szewczyk;This Work;m= 4.01 mg
20;Cp;0.89711;0.00089711;2.13942;;1;Daria Szewczyk;This Work;m= 4.01 mg
21;Cp;0.88263;0.00088263;2.15116;;1;Daria Szewczyk;This Work;m= 4.01 mg
22;Cp;0.86639;0.00086639;2.13957;;1;Daria Szewczyk;This Work;m= 4.01 mg
23;Cp;0.85138;0.00085138;2.15259;;1;Daria Szewczyk;This Work;m= 4.01 mg
24;Cp;0.83519;0.00083519;2.11329;;1;Daria Szewczyk;This Work;m= 4.01 mg
25;Cp;0.82034;0.00082034;2.14182;;1;Daria Szewczyk;This Work;m= 4.01 mg
26;Cp;0.804;0.000804;2.18375;;1;Daria Szewczyk;This Work;m= 4.01 mg
27;Cp;0.78894;0.00078894;2.18429;;1;Daria Szewczyk;This Work;m= 4.01 mg
28;Cp;0.77421;0.00077421;2.13011;;1;Daria Szewczyk;This Work;m= 4.01 mg
29;Cp;0.7585;0.0007585;2.14736;;1;Daria Szewczyk;This Work;m= 4.01 mg
30;Cp;0.74366;0.00074366;2.17614;;1;Daria Szewczyk;This Work;m= 4.01 mg
31;Cp;0.72764;0.00072764;2.16327;;1;Daria Szewczyk;This Work;m= 4.01 mg
32;Cp;0.71331;0.00071331;2.15964;;1;Daria Szewczyk;This Work;m= 4.01 mg
33;Cp;0.69687;0.00069687;2.15854;;1;Daria Szewczyk;This Work;m= 4.01 mg
34;Cp;0.68166;0.00068166;2.14092;;1;Daria Szewczyk;This Work;m= 4.01 mg
35;Cp;0.66608;0.00066608;2.20097;;1;Daria Szewczyk;This Work;m= 4.01 mg
36;Cp;0.65145;0.00065145;2.18951;;1;Daria Szewczyk;This Work;m= 4.01 mg
37;Cp;0.63501;0.00063501;2.18623;;1;Daria Szewczyk;This Work;m= 4.01 mg
38;Cp;0.62039;0.00062039;2.1865;;1;Daria Szewczyk;This Work;m= 4.01 mg
39;Cp;0.60478;0.00060478;2.21689;;1;Daria Szewczyk;This Work;m= 4.01 mg
40;Cp;0.58846;0.00058846;2.21725;;1;Daria Szewczyk;This Work;m= 4.01 mg
41;Cp;0.57388;0.00057388;2.25996;;1;Daria Szewczyk;This Work;m= 4.01 mg
42;Cp;0.55872;0.00055872;2.25416;;1;Daria Szewczyk;This Work;m= 4.01 mg
43;Cp;0.5435;0.0005435;2.24843;;1;Daria Szewczyk;This Work;m= 4.01 mg
44;Cp;0.52759;0.00052759;2.28965;;1;Daria Szewczyk;This Work;m= 4.01 mg
45;Cp;0.51234;0.00051234;2.31073;;1;Daria Szewczyk;This Work;m= 4.01 mg
46;Cp;0.49714;0.00049714;2.30103;;1;Daria Szewczyk;This Work;m= 4.01 mg
47;Cp;0.48216;0.00048216;2.3565;;1;Daria Szewczyk;This Work;m= 4.01 mg
48;Cp;0.4662;0.0004662;2.3269;;1;Daria Szewczyk;This Work;m= 4.01 mg
49;Cp;0.45172;0.00045172;2.48937;;1;Daria Szewczyk;This Work;m= 4.01 mg
50;Cp;0.43662;0.00043662;2.44447;;1;Daria Szewczyk;This Work;m= 4.01 mg
51;Cp;0.42038;0.00042038;2.58632;;1;Daria Szewczyk;This Work;m= 4.01 mg
52;Cp;0.40517;0.00040517;2.36179;;1;Daria Szewczyk;This Work;m= 4.01 mg
53;Cp;0.39048;0.00039048;2.50656;;1;Daria Szewczyk;This Work;m= 4.01 mg
54;Cp;0.37463;0.00037463;2.45621;;1;Daria Szewczyk;This Work;m= 4.01 mg
55;Cp;0.35912;0.00035912;2.66356;;1;Daria Szewczyk;This Work;m= 4.01 mg
56;Cp;0.34373;0.00034373;2.62392;;1;Daria Szewczyk;This Work;m= 4.01 mg
57;Cp;0.3284;0.0003284;2.86539;;1;Daria Szewczyk;This Work;m= 4.01 mg
58;Cp;0.31371;0.00031371;2.91338;;1;Daria Szewczyk;This Work;m= 4.01 mg
59;Cp;0.2975;0.0002975;2.86825;;1;Daria Szewczyk;This Work;m= 4.01 mg
60;Cp;0.28218;0.00028218;2.83536;;1;Daria Szewczyk;This Work;m= 4.01 mg
61;Cp;0.26702;0.00026702;2.80296;;1;Daria Szewczyk;This Work;m= 4.01 mg
62;Cp;0.25205;0.00025205;3.63063;;1;Daria Szewczyk;This Work;m= 4.01 mg
63;Cp;0.2368;0.0002368;3.4851;;1;Daria Szewczyk;This Work;m= 4.01 mg
64;Cp;0.22073;0.00022073;3.64547;;1;Daria Szewczyk;This Work;m= 4.01 mg
65;Cp;0.20558;0.00020558;5.70074;;1;Daria Szewczyk;This Work;m= 4.01 mg
66;Cp;0.18985;0.00018985;7.25603;;1;Daria Szewczyk;This Work;m= 4.01 mg
67;Cp;0.17442;0.00017442;6.78669;;1;Daria Szewczyk;This Work;m= 4.01 mg
68;Cp;0.16014;0.00016014;6.11148;;1;Daria Szewczyk;This Work;m= 4.01 mg
69;Cp;0.14461;0.00014461;11.59857;;1;Daria Szewczyk;This Work;m= 4.01 mg
70;Cp;0.1295;0.0001295;30.95941;;1;Daria Szewczyk;This Work;m= 4.01 mg
71;Cp;0.11536;0.00011536;59.38907;;1;Daria Szewczyk;This Work;m= 4.01 mg
72;Cp;0.10016;0.00010016;53.19619;;1;Daria Szewczyk;This Work;m= 4.01 mg
73;Cp;0.08613;0.00008613;-19.64484;;1;Daria Szewczyk;This Work;m= 4.01 mg
74;Cp;0.07193;0.00007193;-2586.99076;;1;Daria Szewczyk;This Work;m= 4.01 mg
75;Cp;0.05736;0.00005736;-15003.37847;;1;Daria Szewczyk;This Work;m= 4.01 mg
76;Cp;1.20871;0.00120871;2.14003;;1;Daria Szewczyk;This Work;m= 4.01 mg
77;Cp;1.2592;0.0012592;2.13656;;1;Daria Szewczyk;This Work;m= 4.01 mg
78;Cp;1.30896;0.00130896;2.13262;;1;Daria Szewczyk;This Work;m= 4.01 mg
79;Cp;1.35972;0.00135972;2.12784;;1;Daria Szewczyk;This Work;m= 4.01 mg
80;Cp;1.40895;0.00140895;2.08748;;1;Daria Szewczyk;This Work;m= 4.01 mg
81;Cp;1.45875;0.00145875;2.13892;;1;Daria Szewczyk;This Work;m= 4.01 mg
82;Cp;1.5093;0.0015093;2.11036;;1;Daria Szewczyk;This Work;m= 4.01 mg
83;Cp;1.55964;0.00155964;2.10688;;1;Daria Szewczyk;This Work;m= 4.01 mg
84;Cp;1.60937;0.00160937;2.1034;;1;Daria Szewczyk;This Work;m= 4.01 mg
85;Cp;1.6599;0.0016599;2.12168;;1;Daria Szewczyk;This Work;m= 4.01 mg
86;Cp;1.71009;0.00171009;2.08642;;1;Daria Szewczyk;This Work;m= 4.01 mg
87;Cp;1.76145;0.00176145;2.09678;;1;Daria Szewczyk;This Work;m= 4.01 mg
88;Cp;1.81141;0.00181141;2.08191;;1;Daria Szewczyk;This Work;m= 4.01 mg
89;Cp;1.86111;0.00186111;2.10844;;1;Daria Szewczyk;This Work;m= 4.01 mg
90;Cp;1.9114;0.0019114;2.08318;;1;Daria Szewczyk;This Work;m= 4.01 mg
91;Cp;1.96194;0.00196194;2.06762;;1;Daria Szewczyk;This Work;m= 4.01 mg
92;Cp;2.01231;0.00201231;2.05508;;1;Daria Szewczyk;This Work;m= 4.01 mg
93;Cp;2.06218;0.00206218;2.08414;;1;Daria Szewczyk;This Work;m= 4.01 mg
94;Cp;2.11223;0.00211223;2.07238;;1;Daria Szewczyk;This Work;m= 4.01 mg
95;Cp;2.16206;0.00216206;2.08153;;1;Daria Szewczyk;This Work;m= 4.01 mg
96;Cp;2.21249;0.00221249;2.07759;;1;Daria Szewczyk;This Work;m= 4.01 mg
97;Cp;2.26283;0.00226283;2.05315;;1;Daria Szewczyk;This Work;m= 4.01 mg
98;Cp;2.31287;0.00231287;2.06322;;1;Daria Szewczyk;This Work;m= 4.01 mg
99;Cp;2.36285;0.00236285;2.0629;;1;Daria Szewczyk;This Work;m= 4.01 mg
100;Cp;2.41423;0.00241423;2.08744;;1;Daria Szewczyk;This Work;m= 4.01 mg
101;Cp;2.46387;0.00246387;2.07999;;1;Daria Szewczyk;This Work;m= 4.01 mg
102;Cp;2.5143;0.0025143;2.07545;;1;Daria Szewczyk;This Work;m= 4.01 mg
103;Cp;2.56666;0.00256666;2.07226;;1;Daria Szewczyk;This Work;m= 4.01 mg
104;Cp;2.61114;0.00261114;2.08319;;1;Daria Szewczyk;This Work;m= 4.01 mg
105;Cp;2.66464;0.00266464;2.07133;;1;Daria Szewczyk;This Work;m= 4.01 mg
106;Cp;2.71755;0.00271755;2.05651;;1;Daria Szewczyk;This Work;m= 4.01 mg
107;Cp;2.76721;0.00276721;2.08436;;1;Daria Szewczyk;This Work;m= 4.01 mg
108;Cp;2.81623;0.00281623;2.08585;;1;Daria Szewczyk;This Work;m= 4.01 mg
109;Cp;2.86533;0.00286533;2.08203;;1;Daria Szewczyk;This Work;m= 4.01 mg
110;Cp;2.91507;0.00291507;2.08556;;1;Daria Szewczyk;This Work;m= 4.01 mg
111;Cp;2.96751;0.00296751;2.08484;;1;Daria Szewczyk;This Work;m= 4.01 mg
112;Cp;3.01747;0.00301747;2.07253;;1;Daria Szewczyk;This Work;m= 4.01 mg
113;Cp;3.06695;0.00306695;2.07838;;1;Daria Szewczyk;This Work;m= 4.01 mg
114;Cp;3.11687;0.00311687;2.08801;;1;Daria Szewczyk;This Work;m= 4.01 mg
115;Cp;3.16918;0.00316918;2.07172;;1;Daria Szewczyk;This Work;m= 4.01 mg
116;Cp;3.22054;0.00322054;2.06812;;1;Daria Szewczyk;This Work;m= 4.01 mg
117;Cp;3.26968;0.00326968;2.07548;;1;Daria Szewczyk;This Work;m= 4.01 mg
118;Cp;3.31903;0.00331903;2.07463;;1;Daria Szewczyk;This Work;m= 4.01 mg
119;Cp;3.36695;0.00336695;2.09006;;1;Daria Szewczyk;This Work;m= 4.01 mg
120;Cp;3.41524;0.00341524;2.10578;;1;Daria Szewczyk;This Work;m= 4.01 mg
121;Cp;3.46772;0.00346772;2.09131;;1;Daria Szewczyk;This Work;m= 4.01 mg
122;Cp;3.51029;0.00351029;2.11668;;1;Daria Szewczyk;This Work;m= 4.01 mg
123;Cp;3.56464;0.00356464;2.09261;;1;Daria Szewczyk;This Work;m= 4.01 mg
124;Cp;3.6174;0.0036174;2.0879;;1;Daria Szewczyk;This Work;m= 4.01 mg
125;Cp;3.67157;0.00367157;2.08798;;1;Daria Szewczyk;This Work;m= 4.01 mg
126;Cp;3.71635;0.00371635;2.10285;;1;Daria Szewczyk;This Work;m= 4.01 mg
127;Cp;3.76513;0.00376513;2.10367;;1;Daria Szewczyk;This Work;m= 4.01 mg
128;Cp;3.81539;0.00381539;2.1207;;1;Daria Szewczyk;This Work;m= 4.01 mg
129;Cp;3.86502;0.00386502;2.13317;;1;Daria Szewczyk;This Work;m= 4.01 mg
130;Cp;3.91799;0.00391799;2.13399;;1;Daria Szewczyk;This Work;m= 4.01 mg
131;Cp;26.16232;15.60530855;0.87145;;1;Daria Szewczyk;This Work;m= 4.01 mg
132;Cp;24.76055;14.43877141;0.95115;;1;Daria Szewczyk;This Work;m= 4.01 mg
133;Cp;23.51856;13.27394121;1.02039;;1;Daria Szewczyk;This Work;m= 4.01 mg
134;Cp;22.28139;12.09305999;1.09322;;1;Daria Szewczyk;This Work;m= 4.01 mg
135;Cp;21.27039;11.13412929;1.15699;;1;Daria Szewczyk;This Work;m= 4.01 mg
136;Cp;20.16013;10.16045526;1.24003;;1;Daria Szewczyk;This Work;m= 4.01 mg
137;Cp;19.1725;9.24162377;1.31133;;1;Daria Szewczyk;This Work;m= 4.01 mg
138;Cp;18.19259;8.39350981;1.39399;;1;Daria Szewczyk;This Work;m= 4.01 mg
139;Cp;17.33217;7.63831608;1.46703;;1;Daria Szewczyk;This Work;m= 4.01 mg
140;Cp;16.44542;6.87907807;1.54666;;1;Daria Szewczyk;This Work;m= 4.01 mg
141;Cp;15.67096;6.2271808;1.6181;;1;Daria Szewczyk;This Work;m= 4.01 mg
142;Cp;14.91484;5.60287717;1.68871;;1;Daria Szewczyk;This Work;m= 4.01 mg
143;Cp;14.20438;5.0469245;1.761;;1;Daria Szewczyk;This Work;m= 4.01 mg
144;Cp;13.49352;4.4957537;1.8299;;1;Daria Szewczyk;This Work;m= 4.01 mg
145;Cp;12.86619;4.03158228;1.89289;;1;Daria Szewczyk;This Work;m= 4.01 mg
146;Cp;12.28733;3.62191079;1.95239;;1;Daria Szewczyk;This Work;m= 4.01 mg
147;Cp;11.722;3.23288367;2.00718;;1;Daria Szewczyk;This Work;m= 4.01 mg
148;Cp;11.16948;2.88066021;2.06725;;1;Daria Szewczyk;This Work;m= 4.01 mg
149;Cp;10.6848;2.56088676;2.09938;;1;Daria Szewczyk;This Work;m= 4.01 mg
150;Cp;10.23299;2.29084582;2.1379;;1;Daria Szewczyk;This Work;m= 4.01 mg
151;Cp;9.80641;2.04549751;2.16905;;1;Daria Szewczyk;This Work;m= 4.01 mg
152;Cp;9.41112;1.83008999;2.19558;;1;Daria Szewczyk;This Work;m= 4.01 mg
153;Cp;9.03975;1.64698131;2.22956;;1;Daria Szewczyk;This Work;m= 4.01 mg
154;Cp;8.69181;1.46547393;2.23176;;1;Daria Szewczyk;This Work;m= 4.01 mg
155;Cp;8.35513;1.30915564;2.24456;;1;Daria Szewczyk;This Work;m= 4.01 mg
156;Cp;7.9647;1.14151774;2.2593;;1;Daria Szewczyk;This Work;m= 4.01 mg
157;Cp;7.69871;1.03462963;2.26741;;1;Daria Szewczyk;This Work;m= 4.01 mg
158;Cp;7.44442;0.93663369;2.27027;;1;Daria Szewczyk;This Work;m= 4.01 mg
159;Cp;7.20948;0.85110852;2.2713;;1;Daria Szewczyk;This Work;m= 4.01 mg
160;Cp;6.98839;0.77253395;2.26353;;1;Daria Szewczyk;This Work;m= 4.01 mg
161;Cp;6.7782;0.70654907;2.26881;;1;Daria Szewczyk;This Work;m= 4.01 mg
162;Cp;6.57937;0.64426315;2.26209;;1;Daria Szewczyk;This Work;m= 4.01 mg
163;Cp;6.40902;0.59410125;2.25677;;1;Daria Szewczyk;This Work;m= 4.01 mg
164;Cp;6.24384;0.54907107;2.25566;;1;Daria Szewczyk;This Work;m= 4.01 mg
165;Cp;6.08351;0.50703189;2.25203;;1;Daria Szewczyk;This Work;m= 4.01 mg
166;Cp;5.93114;0.46881235;2.24691;;1;Daria Szewczyk;This Work;m= 4.01 mg
167;Cp;5.79366;0.43705527;2.24738;;1;Daria Szewczyk;This Work;m= 4.01 mg
168;Cp;4.33925;0.17990338;2.20189;;1;Daria Szewczyk;This Work;m= 4.01 mg
169;Cp;4.18691;0.15961436;2.17466;;1;Daria Szewczyk;This Work;m= 4.01 mg
170;Cp;4.04891;0.14316267;2.15684;;1;Daria Szewczyk;This Work;m= 4.01 mg
171;Cp;3.9197;0.12918864;2.14519;;1;Daria Szewczyk;This Work;m= 4.01 mg
172;Cp;3.79384;0.11611349;2.1264;;1;Daria Szewczyk;This Work;m= 4.01 mg
173;Cp;3.63355;0.10119663;2.10946;;1;Daria Szewczyk;This Work;m= 4.01 mg
174;Cp;3.22434;0.07013766;2.09233;;1;Daria Szewczyk;This Work;m= 4.01 mg
175;Cp;5.93827;0.4720153;2.25412;;1;Daria Szewczyk;This Work;m= 4.01 mg
176;Cp;5.47704;0.36795091;2.23951;;1;Daria Szewczyk;This Work;m= 4.01 mg
177;Cp;5.01346;0.27884889;2.21287;;1;Daria Szewczyk;This Work;m= 4.01 mg
178;Cp;4.55663;0.20596891;2.17706;;1;Daria Szewczyk;This Work;m= 4.01 mg
179;Cp;4.09705;0.14779485;2.14904;;1;Daria Szewczyk;This Work;m= 4.01 mg
180;Cp;3.63993;0.10162003;2.10718;;1;Daria Szewczyk;This Work;m= 4.01 mg
181;Cp;3.19259;0.06791326;2.08701;;1;Daria Szewczyk;This Work;m= 4.01 mg
182;Cp;2.74719;0.04337503;2.09206;;1;Daria Szewczyk;This Work;m= 4.01 mg
183;Cp;2.31776;0.02600976;2.08896;;1;Daria Szewczyk;This Work;m= 4.01 mg
184;Cp;1.89416;0.01402109;2.06314;;1;Daria Szewczyk;This Work;m= 4.01 mg
185;Cp;2.00417;0.0167242;2.07751;;1;Daria Szewczyk;This Work;m= 4.01 mg
186;Cp;2.36322;0.02776575;2.10376;;1;Daria Szewczyk;This Work;m= 4.01 mg
187;Cp;2.72294;0.04230777;2.09559;;1;Daria Szewczyk;This Work;m= 4.01 mg
188;Cp;3.09264;0.06163536;2.08374;;1;Daria Szewczyk;This Work;m= 4.01 mg
189;Cp;3.47015;0.08797119;2.10522;;1;Daria Szewczyk;This Work;m= 4.01 mg
190;Cp;3.85088;0.12165487;2.13035;;1;Daria Szewczyk;This Work;m= 4.01 mg
191;Cp;4.24208;0.16521729;2.16431;;1;Daria Szewczyk;This Work;m= 4.01 mg
192;Cp;4.62654;0.2190888;2.21233;;1;Daria Szewczyk;This Work;m= 4.01 mg
193;Cp;5.0143;0.28046351;2.22457;;1;Daria Szewczyk;This Work;m= 4.01 mg
194;Cp;5.40594;0.35365242;2.23853;;1;Daria Szewczyk;This Work;m= 4.01 mg
195;Cp;5.59095;0.39474605;2.25871;;1;Daria Szewczyk;This Work;m= 4.01 mg
196;Cp;5.44587;0.36174048;2.23972;;1;Daria Szewczyk;This Work;m= 4.01 mg
197;Cp;5.30119;0.33294428;2.23487;;1;Daria Szewczyk;This Work;m= 4.01 mg
198;Cp;5.15694;0.30588672;2.23041;;1;Daria Szewczyk;This Work;m= 4.01 mg
199;Cp;5.01047;0.279411;2.2213;;1;Daria Szewczyk;This Work;m= 4.01 mg
200;Cp;4.86682;0.2548821;2.21107;;1;Daria Szewczyk;This Work;m= 4.01 mg
201;Cp;4.72206;0.23191069;2.20255;;1;Daria Szewczyk;This Work;m= 4.01 mg
202;Cp;4.58037;0.21087671;2.19445;;1;Daria Szewczyk;This Work;m= 4.01 mg
203;Cp;4.43812;0.19038128;2.17785;;1;Daria Szewczyk;This Work;m= 4.01 mg
204;Cp;4.29312;0.17237835;2.17854;;1;Daria Szewczyk;This Work;m= 4.01 mg
205;Cp;2.94895;0.05346968;2.085;;1;Daria Szewczyk;This Work;m= 4.01 mg
206;Cp;2.76499;0.04442475;2.10156;;1;Daria Szewczyk;This Work;m= 4.01 mg
207;Cp;2.58545;0.03637821;2.10491;;1;Daria Szewczyk;This Work;m= 4.01 mg
208;Cp;2.40977;0.02940643;2.10143;;1;Daria Szewczyk;This Work;m= 4.01 mg
209;Cp;2.22947;0.02323039;2.09629;;1;Daria Szewczyk;This Work;m= 4.01 mg
210;Cp;2.05329;0.01800288;2.07965;;1;Daria Szewczyk;This Work;m= 4.01 mg
211;Cp;7.93191;1.13417491;2.27272;;1;Daria Szewczyk;This Work;m= 4.01 mg
212;Cp;10.40179;2.40705266;2.13876;;1;Daria Szewczyk;This Work;m= 4.01 mg
213;Cp;12.794;3.98889205;1.90473;;1;Daria Szewczyk;This Work;m= 4.01 mg
214;Cp;15.19884;5.85506837;1.66763;;1;Daria Szewczyk;This Work;m= 4.01 mg
215;Cp;17.60048;7.88979344;1.44708;;1;Daria Szewczyk;This Work;m= 4.01 mg
216;Cp;20.02244;10.01861852;1.24812;;1;Daria Szewczyk;This Work;m= 4.01 mg
217;Cp;22.41977;12.2066389;1.08319;;1;Daria Szewczyk;This Work;m= 4.01 mg
218;Cp;24.81835;14.43357841;0.94418;;1;Daria Szewczyk;This Work;m= 4.01 mg
219;Cp;27.21553;16.70944541;0.82892;;1;Daria Szewczyk;This Work;m= 4.01 mg
220;Cp;29.61392;18.96064904;0.73007;;1;Daria Szewczyk;This Work;m= 4.01 mg
221;Cp;32.0075;21.10692844;0.64368;;1;Daria Szewczyk;This Work;m= 4.01 mg
222;Cp;34.40675;23.24459428;0.57068;;1;Daria Szewczyk;This Work;m= 4.01 mg
223;Cp;36.80824;25.36924687;0.50871;;1;Daria Szewczyk;This Work;m= 4.01 mg
224;Cp;39.19486;27.41544543;0.45531;;1;Daria Szewczyk;This Work;m= 4.01 mg
225;Cp;41.58748;29.31409045;0.40756;;1;Daria Szewczyk;This Work;m= 4.01 mg
226;Cp;43.97892;31.13769775;0.36606;;1;Daria Szewczyk;This Work;m= 4.01 mg
227;Cp;46.36992;32.90333368;0.33001;;1;Daria Szewczyk;This Work;m= 4.01 mg
228;Cp;48.75453;34.67890366;0.29924;;1;Daria Szewczyk;This Work;m= 4.01 mg
229;Cp;51.14202;36.36073969;0.27183;;1;Daria Szewczyk;This Work;m= 4.01 mg
230;Cp;53.52927;37.96301805;0.24751;;1;Daria Szewczyk;This Work;m= 4.01 mg
231;Cp;55.91654;39.54524557;0.22619;;1;Daria Szewczyk;This Work;m= 4.01 mg
232;Cp;58.30595;41.06669937;0.20718;;1;Daria Szewczyk;This Work;m= 4.01 mg
233;Cp;60.69706;42.51820063;0.19014;;1;Daria Szewczyk;This Work;m= 4.01 mg
234;Cp;63.07903;43.94262537;0.17508;;1;Daria Szewczyk;This Work;m= 4.01 mg
235;Cp;65.46036;45.25620412;0.16134;;1;Daria Szewczyk;This Work;m= 4.01 mg
236;Cp;67.86516;46.60204266;0.1491;;1;Daria Szewczyk;This Work;m= 4.01 mg
237;Cp;70.23991;47.9117355;0.13826;;1;Daria Szewczyk;This Work;m= 4.01 mg
238;Cp;72.61428;49.21946711;0.12855;;1;Daria Szewczyk;This Work;m= 4.01 mg
239;Cp;74.9851;50.49723821;0.11977;;1;Daria Szewczyk;This Work;m= 4.01 mg
240;Cp;77.35992;51.76574829;0.11181;;1;Daria Szewczyk;This Work;m= 4.01 mg
241;Cp;79.74079;52.97703556;0.10448;;1;Daria Szewczyk;This Work;m= 4.01 mg
242;Cp;82.09227;54.1955343;0.09796;;1;Daria Szewczyk;This Work;m= 4.01 mg
243;Cp;84.49305;55.39614444;0.09184;;1;Daria Szewczyk;This Work;m= 4.01 mg
244;Cp;86.85159;56.54640216;0.08631;;1;Daria Szewczyk;This Work;m= 4.01 mg
245;Cp;89.24981;57.64455637;0.08108;;1;Daria Szewczyk;This Work;m= 4.01 mg
246;Cp;91.6542;58.69614965;0.07623;;1;Daria Szewczyk;This Work;m= 4.01 mg
247;Cp;94.06397;59.73791853;0.07178;;1;Daria Szewczyk;This Work;m= 4.01 mg
248;Cp;96.4567;60.65766485;0.06759;;1;Daria Szewczyk;This Work;m= 4.01 mg
249;Cp;98.8372;61.59368876;0.06379;;1;Daria Szewczyk;This Work;m= 4.01 mg
250;Cp;101.2083;62.49260464;0.06028;;1;Daria Szewczyk;This Work;m= 4.01 mg
251;Cp;103.57849;63.40077241;0.05705;;1;Daria Szewczyk;This Work;m= 4.01 mg
252;Cp;105.94941;64.22753394;0.054;;1;Daria Szewczyk;This Work;m= 4.01 mg
253;Cp;108.32636;65.06894683;0.05119;;1;Daria Szewczyk;This Work;m= 4.01 mg
254;Cp;110.704;65.98658879;0.04864;;1;Daria Szewczyk;This Work;m= 4.01 mg
255;Cp;113.08841;66.85451177;0.04622;;1;Daria Szewczyk;This Work;m= 4.01 mg
256;Cp;115.47708;67.75608932;0.044;;1;Daria Szewczyk;This Work;m= 4.01 mg
257;Cp;117.86017;68.67224513;0.04194;;1;Daria Szewczyk;This Work;m= 4.01 mg
258;Cp;120.24742;69.66150545;0.04007;;1;Daria Szewczyk;This Work;m= 4.01 mg
259;Cp;122.6381;70.57396721;0.03826;;1;Daria Szewczyk;This Work;m= 4.01 mg
260;Cp;125.0319;71.47570007;0.03657;;1;Daria Szewczyk;This Work;m= 4.01 mg
261;Cp;127.42333;72.37693044;0.03498;;1;Daria Szewczyk;This Work;m= 4.01 mg
262;Cp;129.81479;73.25412967;0.03349;;1;Daria Szewczyk;This Work;m= 4.01 mg
263;Cp;132.22058;74.1494459;0.03208;;1;Daria Szewczyk;This Work;m= 4.01 mg
264;Cp;134.61171;75.02427278;0.03076;;1;Daria Szewczyk;This Work;m= 4.01 mg
265;Cp;137.00391;75.9223664;0.02952;;1;Daria Szewczyk;This Work;m= 4.01 mg
266;Cp;139.36926;76.87339798;0.0284;;1;Daria Szewczyk;This Work;m= 4.01 mg
267;Cp;141.76274;77.83426616;0.02732;;1;Daria Szewczyk;This Work;m= 4.01 mg
268;Cp;144.15902;78.77523273;0.02629;;1;Daria Szewczyk;This Work;m= 4.01 mg
269;Cp;146.55107;79.83651644;0.02536;;1;Daria Szewczyk;This Work;m= 4.01 mg
270;Cp;148.97906;80.50431489;0.02435;;1;Daria Szewczyk;This Work;m= 4.01 mg
271;Cp;151.34455;81.72939471;0.02358;;1;Daria Szewczyk;This Work;m= 4.01 mg
272;Cp;153.72703;82.71607863;0.02277;;1;Daria Szewczyk;This Work;m= 4.01 mg
273;Cp;156.0991;83.71036079;0.02201;;1;Daria Szewczyk;This Work;m= 4.01 mg
274;Cp;158.47751;84.61033951;0.02126;;1;Daria Szewczyk;This Work;m= 4.01 mg
275;Cp;160.86598;85.54919868;0.02055;;1;Daria Szewczyk;This Work;m= 4.01 mg
276;Cp;163.26594;86.53242609;0.01988;;1;Daria Szewczyk;This Work;m= 4.01 mg
277;Cp;165.63034;87.47550312;0.01925;;1;Daria Szewczyk;This Work;m= 4.01 mg
278;Cp;168.0592;88.36406773;0.01862;;1;Daria Szewczyk;This Work;m= 4.01 mg
279;Cp;170.47036;89.28919829;0.01802;;1;Daria Szewczyk;This Work;m= 4.01 mg
280;Cp;172.87991;90.17835675;0.01745;;1;Daria Szewczyk;This Work;m= 4.01 mg
281;Cp;175.25507;91.14948179;0.01693;;1;Daria Szewczyk;This Work;m= 4.01 mg
282;Cp;177.65688;92.13826094;0.01643;;1;Daria Szewczyk;This Work;m= 4.01 mg
283;Cp;180.06338;93.04147995;0.01594;;1;Daria Szewczyk;This Work;m= 4.01 mg
284;Cp;182.46507;93.96037965;0.01547;;1;Daria Szewczyk;This Work;m= 4.01 mg
285;Cp;184.85237;94.89023971;0.01502;;1;Daria Szewczyk;This Work;m= 4.01 mg
286;Cp;187.24829;95.94228676;0.01461;;1;Daria Szewczyk;This Work;m= 4.01 mg
287;Cp;189.64286;96.85156913;0.0142;;1;Daria Szewczyk;This Work;m= 4.01 mg
288;Cp;192.03229;97.80908129;0.01381;;1;Daria Szewczyk;This Work;m= 4.01 mg
289;Cp;194.42059;98.74958193;0.01344;;1;Daria Szewczyk;This Work;m= 4.01 mg
290;Cp;196.81867;100.26630623;0.01315;;1;Daria Szewczyk;This Work;m= 4.01 mg
291;Cp;199.23716;100.89255343;0.01276;;1;Daria Szewczyk;This Work;m= 4.01 mg
292;Cp;201.63806;101.93279961;0.01243;;1;Daria Szewczyk;This Work;m= 4.01 mg
293;Cp;204.03127;102.92399984;0.01212;;1;Daria Szewczyk;This Work;m= 4.01 mg
294;Cp;206.42776;103.96244923;0.01182;;1;Daria Szewczyk;This Work;m= 4.01 mg
295;Cp;208.83787;105.04549832;0.01153;;1;Daria Szewczyk;This Work;m= 4.01 mg
296;Cp;211.23811;105.94840366;0.01124;;1;Daria Szewczyk;This Work;m= 4.01 mg
297;Cp;213.64484;106.87364081;0.01096;;1;Daria Szewczyk;This Work;m= 4.01 mg
298;Cp;216.04284;107.83167982;0.01069;;1;Daria Szewczyk;This Work;m= 4.01 mg
299;Cp;218.41151;108.93474319;0.01046;;1;Daria Szewczyk;This Work;m= 4.01 mg
300;Cp;220.86551;109.72436928;0.01018;;1;Daria Szewczyk;This Work;m= 4.01 mg
301;Cp;223.25819;110.66806453;0.00994;;1;Daria Szewczyk;This Work;m= 4.01 mg
302;Cp;225.6246;111.7662035;0.00973;;1;Daria Szewczyk;This Work;m= 4.01 mg
303;Cp;228.01076;112.61449592;0.0095;;1;Daria Szewczyk;This Work;m= 4.01 mg
304;Cp;230.39222;113.48504098;0.00928;;1;Daria Szewczyk;This Work;m= 4.01 mg
305;Cp;232.79422;114.48747868;0.00907;;1;Daria Szewczyk;This Work;m= 4.01 mg
306;Cp;235.1842;115.36165993;0.00887;;1;Daria Szewczyk;This Work;m= 4.01 mg
307;Cp;237.57294;116.38558893;0.00868;;1;Daria Szewczyk;This Work;m= 4.01 mg
308;Cp;239.94894;117.23557154;0.00849;;1;Daria Szewczyk;This Work;m= 4.01 mg
309;Cp;242.32121;118.16762427;0.0083;;1;Daria Szewczyk;This Work;m= 4.01 mg
310;Cp;244.70768;119.10174786;0.00813;;1;Daria Szewczyk;This Work;m= 4.01 mg
311;Cp;247.09392;120.1123472;0.00796;;1;Daria Szewczyk;This Work;m= 4.01 mg
312;Cp;249.48194;120.98261513;0.00779;;1;Daria Szewczyk;This Work;m= 4.01 mg
313;Cp;251.87245;121.89476017;0.00763;;1;Daria Szewczyk;This Work;m= 4.01 mg
314;Cp;254.25798;122.79584436;0.00747;;1;Daria Szewczyk;This Work;m= 4.01 mg
315;Cp;256.64462;123.75367629;0.00732;;1;Daria Szewczyk;This Work;m= 4.01 mg
316;Cp;259.03479;124.61008771;0.00717;;1;Daria Szewczyk;This Work;m= 4.01 mg
317;Cp;261.41558;125.55356064;0.00703;;1;Daria Szewczyk;This Work;m= 4.01 mg
318;Cp;263.81259;126.45228466;0.00689;;1;Daria Szewczyk;This Work;m= 4.01 mg
319;Cp;266.16309;127.43073994;0.00676;;1;Daria Szewczyk;This Work;m= 4.01 mg
320;Cp;268.54831;128.3213876;0.00663;;1;Daria Szewczyk;This Work;m= 4.01 mg
321;Cp;270.9254;128.9950941;0.00649;;1;Daria Szewczyk;This Work;m= 4.01 mg
322;Cp;273.30094;129.60471044;0.00635;;1;Daria Szewczyk;This Work;m= 4.01 mg
323;Cp;275.67334;130.20065299;0.00621;;1;Daria Szewczyk;This Work;m= 4.01 mg
324;Cp;278.03037;130.51452271;0.00607;;1;Daria Szewczyk;This Work;m= 4.01 mg
325;Cp;280.38151;130.65374255;0.00593;;1;Daria Szewczyk;This Work;m= 4.01 mg
